9/14/2017,133,John,12:12:06 AM,10:29:47,20:08:50,63.120.101.201,caec:cec6:c4ef:bb7b:1a78:d055:216d:3a78,ed:73:91:a3:e4:c6
9/13/2017,486,Mary,7:55:39 AM,05:13:36,14:54:22,247.199.145.82,63ee:25e9:d4f4:3dc1:b5e2:dd17:e401:aeb6,0f:c5:20:bb:d5:bd
9/14/2017,928,Beth,11:36:07 PM,05:50:44,18:20:27,213.225.140.229,2bb4:3e84:d981:23a4:a74e:fe08:a8b9:1970,4b:a0:c8:96:ce:94
9/15/2017,135,Jose,12:38:48 PM,04:33:00,07:18:27,144.7.203.164,5782:3814:95f3:5eaf:4ccf:c2b6:fd9a:d11e,69:31:e8:b5:b5:b4
9/16/2017,438,James,12:26:17 PM,06:56:16,20:04:17,151.147.88.100,bb12:c272:303e:3619:2699:d4c1:477a:9733,5e:4a:d6:d0:a1:42
9/17/2017,76,Xiaoyu,8:54:50 AM,06:39:17,18:30:29,66.85.195.109,f469:d493:2ce8:ee79:f0b1:5545:e2cb:ef40,09:f4:21:76:04:15
9/18/2017,671,Colleen,12:02:54 AM,09:57:02,23:28:03,44.173.1.117,74ae:4b88:4bc1:4e73:f7df:31f0:e011:9459,66:e1:4a:b9:42:3f
9/19/2017,473,Nirav,3:01:48 PM,07:42:24,19:41:59,91.91.172.137,43d0:60d3:bcb2:c3ce:b4e2:644c:2204:50e4,a6:f9:ca:89:c2:07
9/20/2017,665,Sindhuri,11:17:17 AM,01:04:12,21:49:36,194.197.152.103,dc64:277c:2e3e:2646:d29c:e9c4:b6b1:ec5e,ef:b9:60:5d:69:e3
9/21/2017,196,Marhn,1:25:51 PM,02:02:35,23:28:08,183.70.241.128,c142:aec9:e59f:687c:7699:34c8:5f75:9bd9,1d:e8:dd:d0:5f:44
9/22/2017,105,Margaret,7:47:47 PM,07:03:48,21:49:36,179.25.150.124,c255:47ee:c6e2:bd0:7cf3:253a:df7e:91f7,af:0e:03:27:5a:cd
9/23/2017,657,Sarah,8:19:10 AM,05:16:16,10:35:52,127.115.249.111,b8b0:6291:9855:761b:f04a:cf09:c4c3:70d7,3d:54:b9:54:c2:e8
9/24/2017,32,Yuxu,12:11:19 AM,04:08:47,07:52:48,9.35.222.176,493c:ca3d:13ec:725a:ab3a:807a:b49e:8d0,b3:45:9e:38:bb:2d
9/25/2017,330,Bob,2:30:29 AM,10:28:31,14:15:48,175.120.146.103,8cc7:22dc:8e56:2d51:2615:46e7:389c:86d7,7e:3f:58:a9:43:81
9/26/2017,119,Larry,10:10:16 PM,01:07:46,05:32:06,89.177.241.226,864:a63f:5c1b:eb16:b23c:2cc6:5b5:efb6,e2:1e:00:ad:2f:9d
9/27/2017,932,Mary,4:20:26 PM,06:22:20,03:59:37,77.167.215.90,2c8c:b928:478e:c0eb:1c67:3500:4225:cfc2,e2:fd:7c:74:87:31
9/28/2017,556,Abhimanyu,9:07:55 AM,12:57:51,21:56:37,120.15.119.91,a0d4:d0b6:4ac0:2e68:119b:20ef:d6b5:eb9,3c:af:7c:f8:53:8b